ID,dataset,split,premise,hypothesis,gold_label,annotator_count,all_present_exact_match,Alternative_KB,Ettore_KB,Jorryt_KB,Lasha_KB,Stefan_KB,Ettore_Jorryt_match,Ettore_Lasha_match,Ettore_Stefan_match,Jorryt_Lasha_match,Jorryt_Stefan_match,Lasha_Stefan_match
1192,sick,dev,A man and a woman are walking together through the woods,A man and a woman are walking through a wooded area,entailment,3,TRUE,,,"(woods, wooded area)","(woods, wooded area)","(woods, wooded area)",,,,FALSE,FALSE,TRUE
1262,sick,test,A band is performing onstage,A band is playing onstage,entailment,2,TRUE,,"(perform, play)","(perform, play)","(perform, play)",,TRUE,TRUE,,TRUE,,
1405221276.jpg#4r1e,snli,dev,Two dogs shaking themselves dry on the sand.,Two dogs shake off water to get dry.,entailment,2,TRUE,,NO_RELATION,NO_RELATION,NO_RELATION,,FALSE,TRUE,,FALSE,,
1412,sick,dev,Men are sawing logs,Men are cutting wood,entailment,2,TRUE,,"(log, wood); (saw, cut)","(log, wood); (saw, cut)",,"(saw, cut); (log, wood)",FALSE,,FALSE,,FALSE,
147236031.jpg#1r1e,snli,dev,An Asian woman is looking at the camera while trimming asparagus.,Woman cuts vegetables.,entailment,2,TRUE,,"(asparagus, vegetable); (trim, cut)",,"(asparagus, vegetable); (trim, cut)","(asparagus, vegetable); (trim, cut)",,TRUE,TRUE,,,TRUE
1497,sick,test,A man is strumming a guitar,A man is playing guitar,entailment,3,TRUE,,,"(strum, play)","(strum, play)","(strum, play)",,,,TRUE,TRUE,TRUE
158827073.jpg#2r1e,snli,dev,Young girl playing with chocolate milk powder.,There is a girl playing with food,entailment,2,TRUE,,"(chocolate milk powder, food)","(chocolate milk powder, food)","(chocolate milk powder, food)",,TRUE,TRUE,,TRUE,,
1796608106.jpg#4r1e,snli,dev,A woman building herself a sand castle.,a women is making a sand castle,entailment,2,TRUE,,"(build, make)","(build, make)","(build, make)",,TRUE,TRUE,,TRUE,,
2021602343.jpg#2r1e,snli,dev,A boy with a basketballs glowers at the camera.,The boy scowls,entailment,2,TRUE,,"(glower, scowl)","(glower, scowl)","(glower, scowl)",,TRUE,TRUE,,TRUE,,
207584893.jpg#3r1e,snli,train,Hang glider on beach,air sport on beach,entailment,2,TRUE,,"(hang glider, air sport)","(hang glider, air sport)",,"(hang glider, air sport)",FALSE,,TRUE,,FALSE,
211,sick,dev,Two dogs are playing by a tree,Two dogs are playing by a plant,entailment,2,TRUE,,"(tree, plant)","(tree, plant)",,"(tree, plant)",TRUE,,TRUE,,TRUE,
2195887578.jpg#2r1e,snli,test,"Two men in suits standing in front of a bus, one is wearing a medal.",Two men are standing in front of a large vehicle.,entailment,2,TRUE,,"(bus, large vehicle)","(bus, large vehicle)","(bus, large vehicle)",,TRUE,TRUE,,TRUE,,
2217728745.jpg#4r1e,snli,train,A man in a bar.,A guy in a bar.,entailment,2,TRUE,,"(man, guy)","(man, guy)",,"(man, guy)",FALSE,,TRUE,,FALSE,
2237364221.jpg#3r1e,snli,dev,A man tries to get himself into shape on a treadmill.,A man exercising.,entailment,2,TRUE,,NO_RELATION,,NO_RELATION,NO_RELATION,,TRUE,FALSE,,,FALSE
2255375425.jpg#2r1e,snli,dev,A man is sitting in on the side of the street with brass pots.,A man is sitting.,entailment,2,TRUE,,NO_RELATION,NO_RELATION,,NO_RELATION,TRUE,,TRUE,,TRUE,
2367387854.jpg#1r1e,snli,dev,"A woman with dark hair wearing a dark shirt, jeans, and glasses is talking into a microphone.",A woman is speaking into a device.,entailment,2,TRUE,,"(microphone, device); (talk, speak)","(microphone, device); (talk, speak)",,"(microphone, device); (talk, speak)",FALSE,,TRUE,,FALSE,
237424188.jpg#0r1e,snli,dev,"A girl wearing a red shirt and jeans is sitting in a rocking chair at a cluttered desk, while another girl wearing a black t-shirt and jogging pants is sitting on the floor writing on a piece of paper with other papers arranged around her.",two girls in a room,entailment,3,TRUE,,,NO_RELATION,NO_RELATION,NO_RELATION,,,,TRUE,TRUE,TRUE
2384728877.jpg#0r1e,snli,dev,The woman is holding the hand of the little girl in the red dress with the polka-dotted skirt.,A little girl wearing a red dress holds a woman's hand.,entailment,2,TRUE,,NO_RELATION,,NO_RELATION,NO_RELATION,,TRUE,TRUE,,,TRUE
2393059551.jpg#1r1e,snli,dev,Two people work construction on the inside of a house.,Two people work inside.,entailment,2,TRUE,,NO_RELATION,NO_RELATION,,NO_RELATION,TRUE,,TRUE,,TRUE,
2405,sick,dev,The lady is slicing a tomato,Someone is cutting a tomato,entailment,3,TRUE,,,"(lady, someone); (slice, cut)","(lady, someone); (slice, cut)","(lady, someone); (slice, cut)",,,,TRUE,TRUE,TRUE
241345721.jpg#4r1e,snli,dev,Men playing football.,Some men are playing a game.,entailment,2,TRUE,,"(football, game)","(football, game)","(football, game)",,TRUE,TRUE,,TRUE,,
2421824693.jpg#3r1e,snli,dev,A man is standing on a rooftop looking at his camera.,A man is on the roof with a camera.,entailment,3,TRUE,,,"(rooftop, roof)","(rooftop, roof)","(rooftop, roof)",,,,FALSE,FALSE,TRUE
2521878609.jpg#4r1e,snli,train,kid eating pasta,The kid is human.,entailment,2,TRUE,,NO_RELATION,NO_RELATION,NO_RELATION,,TRUE,TRUE,,TRUE,,
2533414541.jpg#3r1e,snli,dev,A white and blue car is on the street.,A vehicle is on the street.,entailment,2,TRUE,,"(car, vehicle)","(car, vehicle)","(car, vehicle)",,TRUE,TRUE,,TRUE,,
2543017787.jpg#4r1e,snli,train,A child rides a swing.,A kid is playing,entailment,2,TRUE,,"(child, kid)","(child, kid)",,"(child, kid)",FALSE,,FALSE,,TRUE,
2557,sick,dev,Someone is strumming the guitar,Someone is playing the guitar,entailment,2,TRUE,,"(strum, play)","(strum, play)","(strum, play)",,TRUE,TRUE,,TRUE,,
2618866067.jpg#4r1e,snli,train,A gray dog is yawning.,A dog is tired.,entailment,3,TRUE,,,NO_RELATION,NO_RELATION,NO_RELATION,,,,TRUE,TRUE,TRUE
2647049174.jpg#4r1e,snli,train,A toddler eats dirt.,A baby is eating dirt.,entailment,2,TRUE,,"(toddler, baby)","(toddler, baby)","(toddler, baby)",,FALSE,TRUE,,FALSE,,
2665904080.jpg#1r1e,snli,dev,A young puppy suckles from his mother.,A young puppy lays at it's mothers stomach.,entailment,2,TRUE,,NO_RELATION,NO_RELATION,,NO_RELATION,TRUE,,TRUE,,TRUE,
2680990587.jpg#3r1e,snli,train,One boy is pushing another boy on a swing.,One human pushing another.,entailment,2,TRUE,,"(boy, human)","(boy, human)",,"(boy, human)",TRUE,,TRUE,,TRUE,
273699639.jpg#4r1e,snli,dev,A woman sitting with two men hugging.,A group of people are sitting together.,entailment,2,TRUE,,NO_RELATION,NO_RELATION,NO_RELATION,,TRUE,TRUE,,TRUE,,
2741990005.jpg#4r1e,snli,train,A man vaults over a high bar.,A man jumps.,entailment,2,TRUE,,"(vault, jump)","(vault, jump)",,"(vault, jump)",TRUE,,TRUE,,TRUE,
2744856447.jpg#3r1e,snli,dev,An Asian young man is drinking out of a metal cup.,The young man is drinking a liquid.,entailment,2,TRUE,,NO_RELATION,,NO_RELATION,NO_RELATION,,TRUE,TRUE,,,TRUE
2760560588.jpg#3r1e,snli,dev,A person in a blue plaid shirt is writing on a chalkboard.,The person is writing on the chalk board.,entailment,2,TRUE,,"(chalkboard, chalk board)","(chalkboard, chalk board)",,"(chalkboard, chalk board)",FALSE,,FALSE,,TRUE,
2809,sick,train,A cartoon airplane is landing,An animated airplane is landing,entailment,2,TRUE,,"(cartoon, animated)",,"(cartoon, animated)","(cartoon, animated)",,TRUE,TRUE,,,TRUE
281271503.jpg#4r1e,snli,test,A man in a bright yellow shirt juggles while riding a unicycle.,Man performs a juggling act on a unicycle.,entailment,3,TRUE,,,NO_RELATION,NO_RELATION,NO_RELATION,,,,FALSE,FALSE,TRUE
2829,sick,dev,The lady is penciling on eyeshadow,The woman is penciling on eyeshadow,entailment,3,TRUE,,,"(lady, woman)","(lady, woman)","(lady, woman)",,,,TRUE,TRUE,TRUE
2853682342.jpg#1r1e,snli,dev,"A man in a blue shirt, jumping down a hill in a park.",a man is wearing blue,entailment,2,TRUE,,NO_RELATION,NO_RELATION,NO_RELATION,,TRUE,TRUE,,TRUE,,
2864340145.jpg#2r1e,snli,dev,A black dog walking through water.,The water has a black dog walking through it.,entailment,2,TRUE,,NO_RELATION,NO_RELATION,,NO_RELATION,TRUE,,TRUE,,TRUE,
288406480.jpg#0r1e,snli,dev,A baby wearing yellow is pretending to be a doctor while inside a stroller.,A baby is role playing as a professional,entailment,3,TRUE,,,"(pretend, role play); (doctor, professional)","(doctor, professional); (pretend, role play)","(doctor, professional); (pretend, role play)",,,,FALSE,FALSE,TRUE
2898,sick,dev,The man is lifting barbells,The man is lifting weights,entailment,2,TRUE,,"(barbell, weight)","(barbell, weight)","(barbell, weight)",,TRUE,TRUE,,TRUE,,
2971285079.jpg#2r1e,snli,dev,A girl wearing makeup playing a bass.,A girl is musical.,entailment,2,TRUE,,NO_RELATION,NO_RELATION,NO_RELATION,,TRUE,TRUE,,TRUE,,
303607405.jpg#4r3e,snli,train,a dog shakes dry.,A dog is wet.,entailment,2,TRUE,,NO_RELATION,NO_RELATION,,NO_RELATION,TRUE,,TRUE,,TRUE,
3036894037.jpg#1r1e,snli,dev,Two commandos with gun by a staircase and an old man holding a hat is sitting on the stairs.,Two soldiers carry weapons.,entailment,2,TRUE,,"(commando, soldier); (gun, weapon)","(commando, soldier); (gun, weapon)","(commando, soldier); (gun, weapon)",,TRUE,TRUE,,TRUE,,
3040999637.jpg#4r1e,snli,dev,A man uses stereo equipment.,A man is using some audio equipment.,entailment,3,TRUE,,,"(stereo equipment, audio equipment)","(stereo equipment, audio equipment)","(stereo equipment, audio equipment)",,,,TRUE,TRUE,TRUE
3046190891.jpg#2r1e,snli,test,A surfer is performing a jumping stunt in the ocean.,A person in the water.,entailment,2,TRUE,,"(ocean, water); (surfer, person)",,"(ocean, water); (surfer, person)","(ocean, water); (surfer, person)",,TRUE,TRUE,,,TRUE
3047788420.jpg#0r1e,snli,dev,A lady sitting on a bench that is against a building and under a poster of a man in a uniform waving.,A person sitting,entailment,2,TRUE,,"(lady, person)","(lady, person)","(lady, person)",,TRUE,TRUE,,TRUE,,
3054989420.jpg#0r1e,snli,dev,Two children throw dead leaves into the air around them.,The children are outside.,entailment,2,TRUE,,NO_RELATION,NO_RELATION,,NO_RELATION,TRUE,,TRUE,,TRUE,
3064443326.jpg#2r1e,snli,dev,Riot police are standing in the background while a young man with a red scarf covering his face is walking.,there are police,entailment,2,TRUE,,NO_RELATION,NO_RELATION,NO_RELATION,,TRUE,TRUE,,TRUE,,
3091403322.jpg#2r1e,snli,dev,A man wearing a white shirt is playing the drums.,A man is playing a musical instrument.,entailment,2,TRUE,,"(drum, musical instrument)","(drum, musical instrument)",,"(drum, musical instrument)",TRUE,,FALSE,,FALSE,
3101378069.jpg#4r1e,snli,dev,A lady rows a canoe filled with things.,A woman rows a small boat loaded with items.,entailment,3,TRUE,,,"(canoe, small boat); (lady, woman); (filled, loaded); (thing, item)","(canoe, small boat); (filled, loaded); (lady, woman); (thing, item)","(canoe, small boat); (lady, woman); (thing, item); (filled, loaded)",,,,FALSE,FALSE,FALSE
3115354165.jpg#4r1e,snli,dev,a skateboarder ollies.,Someone is on a board with four wheels.,entailment,3,TRUE,,,"(skateboarder, someone)","(skateboarder, someone)","(skateboarder, someone)",,,,FALSE,FALSE,TRUE
3134092148.jpg#3r2e,snli,train,A man surfing a wave.,A man catches a wave.,entailment,3,TRUE,,,NO_RELATION,NO_RELATION,NO_RELATION,,,,TRUE,FALSE,FALSE
3168293517.jpg#2r1e,snli,dev,A little boy in a blue shirt holding a toy.,Boy dressed in blue holds a toy.,entailment,2,TRUE,,NO_RELATION,NO_RELATION,,NO_RELATION,TRUE,,TRUE,,TRUE,
320199844.jpg#0r1e,snli,dev,A man in a Santa Claus costume is sitting on a wooden chair holding a microphone and a stringed instrument.,The man is wearing a costume.,entailment,3,TRUE,,,NO_RELATION,NO_RELATION,NO_RELATION,,,,TRUE,TRUE,TRUE
3208032657.jpg#2r1e,snli,dev,A person powerwashing stairs leading down to a pool.,a person washes stairs,entailment,2,TRUE,,"(powerwash, wash)","(powerwash, wash)","(powerwash, wash)",,TRUE,TRUE,,TRUE,,
3232994074.jpg#4r1e,snli,dev,A man and child working on a puzzle.,An adult and a kid are engaged in an activity.,entailment,3,TRUE,,,"(child, kid); (man, adult)","(child, kid); (man, adult)","(man, adult); (child, kid)",,,,FALSE,FALSE,FALSE
3246724744.jpg#0r1e,snli,dev,A young woman wearing a black shirt and black shorts jumps in the air at the beach.,A women in black at the beach.,entailment,2,TRUE,,NO_RELATION,NO_RELATION,,NO_RELATION,TRUE,,TRUE,,TRUE,
3250,sick,dev,A woman is placing two eggs into a pot of water,A woman is putting two eggs into a pot of water,entailment,2,TRUE,,"(place, put)",,"(place, put)","(place, put)",,TRUE,TRUE,,,TRUE
3256433677.jpg#2r1n,snli,dev,"A woman, in a green shirt, preparing to run on a treadmill.",A woman is getting a workout.,entailment,3,TRUE,,,NO_RELATION,NO_RELATION,NO_RELATION,,,,TRUE,TRUE,TRUE
326456451.jpg#4r1e,snli,train,A rottweiler running.,An animal is running.,entailment,2,TRUE,,"(rottweiler, animal)",,"(rottweiler, animal)","(rottweiler, animal)",,TRUE,TRUE,,,TRUE
3375549004.jpg#4r1e,snli,dev,Men walk in line carrying things.,"While carrying their load, the men walked one behind the other.",entailment,2,TRUE,,NO_RELATION,NO_RELATION,,NO_RELATION,TRUE,,FALSE,,FALSE,
3383037991.jpg#3r1e,snli,dev,A dog looks content sitting on a bed after ripping up some paper,a dog sitting on a bed after ripping up paper.,entailment,2,TRUE,,NO_RELATION,NO_RELATION,NO_RELATION,,TRUE,TRUE,,TRUE,,
3424908564.jpg#1r1e,snli,dev,A woman with red-hair and wearing a black tank top and short jeans shorts appears to be yelling.,A woman with red-hair screams.,entailment,3,TRUE,,,"(yell, scream)","(yell, scream)","(yell, scream)",,,,TRUE,TRUE,TRUE
3432730942.jpg#0r1e,snli,dev,Two people look at two red motorcycles in a place where there are religious murals on the wall.,The two people are looking at motorcycles.,entailment,2,TRUE,,NO_RELATION,NO_RELATION,NO_RELATION,,TRUE,TRUE,,TRUE,,
3440104178.jpg#4r1e,snli,dev,A dog with big ears holds a ball in his mouth.,The dog has big ears.,entailment,2,TRUE,,NO_RELATION,NO_RELATION,,NO_RELATION,TRUE,,TRUE,,TRUE,
3447155358.jpg#3r1e,snli,dev,A little girl in a red flowered dress with a tennis racket.,A little girl in red.,entailment,2,TRUE,,NO_RELATION,NO_RELATION,,NO_RELATION,TRUE,,TRUE,,TRUE,
347186933.jpg#2r1e,snli,dev,A woman dangles from a blue fabric connected to a tree.,A woman is hanging from a tree.,entailment,3,TRUE,,,"(dangle, hang)","(dangle, hang)","(dangle, hang)",,,,TRUE,TRUE,TRUE
3479245321.jpg#4r1e,snli,train,Concentration campsite.,A concentration camp.,entailment,3,TRUE,,,"(campsite, camp)","(campsite, camp)","(campsite, camp)",,,,TRUE,TRUE,TRUE
3552435734.jpg#2r1e,snli,dev,The black dog is running through water.,The dog with the black fur gets wet running in water.,entailment,2,TRUE,,NO_RELATION,NO_RELATION,NO_RELATION,,TRUE,TRUE,,TRUE,,
3584860179.jpg#1r1e,snli,dev,An old man is sitting in a chair outside a colorfully painted building.,Elderly man is sitting on a chair in outside of a building,entailment,2,TRUE,,"(old, elderly)",,"(old, elderly)","(old, elderly)",,TRUE,TRUE,,,TRUE
3586,sick,dev,A man is playing the drum,A man is practicing the drum,entailment,3,TRUE,,,"(play, practice)","(play, practice)","(play, practice)",,,,TRUE,TRUE,TRUE
3612249030.jpg#1r1e,snli,dev,A boy is carrying a black body board across the sand.,The boy is holding an item.,entailment,2,TRUE,,"(body board, item); (carry, hold)",,"(body board, item); (carry, hold)","(body board, item); (carry, hold)",,TRUE,TRUE,,,TRUE
3614595423.jpg#4r1e,snli,train,Children climb a tree.,Kids climbing.,entailment,2,TRUE,,"(child, kid)","(child, kid)","(child, kid)",,FALSE,TRUE,,FALSE,,
3618525295.jpg#2r1e,snli,dev,a woman and her dog sitting at an outdoor cafe table,A woman and her pet sit outside at a restaurant.,entailment,2,TRUE,,"(cafe, restaurant); (dog, pet); (outdoor, outside)",,"(cafe, restaurant); (dog, pet); (outdoor, outside)","(cafe, restaurant); (dog, pet); (outdoor, outside)",,FALSE,TRUE,,,FALSE
3629664676.jpg#4r1e,snli,train,A dog pulling a rope.,The dog drags the rope.,entailment,2,TRUE,,"(pull, drag)","(pull, drag)",,"(pull, drag)",TRUE,,TRUE,,TRUE,
3639617775.jpg#0r1e,snli,dev,"The bride in the white dress is surrounded by the groomsmen and bridesmaids, all in black.",a woman in white is surrounded by others,entailment,3,TRUE,,,"(bride, woman)","(bride, woman)","(bride, woman)",,,,TRUE,TRUE,TRUE
3639967449.jpg#3r1e,snli,dev,Two boys sitting and eating ice cream.,The boys are eating.,entailment,2,TRUE,,NO_RELATION,,NO_RELATION,NO_RELATION,,TRUE,TRUE,,,TRUE
36422830.jpg#0r1e,snli,dev,A red jeep hangs from the edge of a rocky cliff as a girl looks on.,The vehicle is red.,entailment,2,TRUE,,"(jeep, vehicle)",,"(jeep, vehicle)","(jeep, vehicle)",,TRUE,TRUE,,,TRUE
3732782360.jpg#4r1e,snli,dev,A man in a suit and tie is opening a door.,There is one man in this picture.,entailment,2,TRUE,,NO_RELATION,,NO_RELATION,NO_RELATION,,TRUE,TRUE,,,TRUE
3791591952.jpg#3r1e,snli,dev,Two entertainers on a stage performing acrobatic moves.,Two entertainers are performing acrobatics.,entailment,2,TRUE,,"(acrobatic move, acrobatics)","(acrobatic move, acrobatics)",,"(acrobatic move, acrobatics)",FALSE,,FALSE,,FALSE,
3794595430.jpg#3r1e,snli,dev,A woman stands at a podium with a slide show behind her.,A woman is standing at a podium.,entailment,2,TRUE,,NO_RELATION,NO_RELATION,,NO_RELATION,TRUE,,TRUE,,TRUE,
3799984714.jpg#0r1e,snli,dev,A man playing a banjo near a tree at an outdoor event.,The man is playing a musical instrument at an event.,entailment,2,TRUE,,"(banjo, musical instrument)","(banjo, musical instrument)",,"(banjo, musical instrument)",TRUE,,TRUE,,TRUE,
381275595.jpg#1r1e,snli,dev,Big hairy dog chews on a bone while lying on a furry toy.,The dog is laying on an object,entailment,2,TRUE,,"(toy, object)",,"(toy, object)","(toy, object)",,TRUE,TRUE,,,TRUE
381750411.jpg#0r1e,snli,dev,Man dressed in business casual attire playing the saxophone with the rest of a band.,Man plays a woodwind instrument.,entailment,3,TRUE,,,"(saxophone, woodwind instrument)","(saxophone, woodwind instrument)","(saxophone, woodwind instrument)",,,,TRUE,TRUE,TRUE
3825750029.jpg#1r1e,snli,dev,A woman in a blue tank-top rides a blue bicycle in front of a crowd of meandering pedestrians.,A woman rides a bike in front of a crowd,entailment,2,TRUE,,"(bicycle, bike)","(bicycle, bike)",,"(bicycle, bike)",FALSE,,TRUE,,FALSE,
3843254402.jpg#0r1e,snli,test,A man in a white striped shirt and blue jeans using a water hose to spray water on the ground of concrete ruins.Fo.,A man is spraying water on concrete.,entailment,2,TRUE,,NO_RELATION,,NO_RELATION,NO_RELATION,,TRUE,TRUE,,,TRUE
3853,sick,train,A cat is playing a piano,A cat is playing keyboards,entailment,2,TRUE,,"(piano, keyboard)","(piano, keyboard)",,"(piano, keyboard)",FALSE,,FALSE,,TRUE,
3860415767.jpg#2r1e,snli,dev,This is man standing by a fruit or vegetable cart peeling a piece of fruit.,A man peels fruit.,entailment,2,TRUE,,NO_RELATION,,NO_RELATION,NO_RELATION,,TRUE,TRUE,,,TRUE
3913959754.jpg#1r1e,snli,dev,"A woman is standing near the water, looks to be throwing something.",A woman is close to the water.,entailment,3,TRUE,,,"(near, close)","(near, close)","(near, close)",,,,TRUE,TRUE,TRUE
3937269663.jpg#3r1e,snli,dev,A man in a yellow excavator on a construction site.,the guy is on the excavator,entailment,2,TRUE,,"(man, guy)","(man, guy)","(man, guy)",,FALSE,TRUE,,FALSE,,
3974,sick,test,A girl is awakening,A girl is waking up,entailment,2,TRUE,,"(awaken, wake up)",,"(awaken, wake up)","(awaken, wake up)",,TRUE,TRUE,,,TRUE
4000008650.jpg#2r1e,snli,train,A woman plays the tuba and another plays the cello on the street.,People playing instruments on the street.,entailment,3,TRUE,,,"(cello, instrument); (tuba, instrument)","(cello, instrument); (tuba, instrument)","(cello, instrument); (tuba, instrument)",,,,FALSE,FALSE,TRUE
4006,sick,dev,A man is climbing a rope,The man is climbing up a rope,entailment,3,TRUE,,,"(climb, climb up)","(climb, climb up)","(climb, climb up)",,,,FALSE,FALSE,TRUE
4015,sick,dev,The lady is picking up the kangaroo,The woman is picking up the kangaroo,entailment,2,TRUE,,"(lady, woman)","(lady, woman)","(lady, woman)",,TRUE,TRUE,,TRUE,,
4019072184.jpg#4r1e,snli,dev,A man is rock climbing with protective rope.,A man is being secured.,entailment,2,TRUE,,NO_RELATION,,NO_RELATION,NO_RELATION,,TRUE,TRUE,,,TRUE
4066,sick,dev,The man is hurling knives at a tree,The man is throwing knives at a tree,entailment,2,TRUE,,"(hurl, throw)","(hurl, throw)",,"(hurl, throw)",TRUE,,TRUE,,TRUE,
4135,sick,dev,A dog is bouncing on a trampoline,A dog is jumping on a trampoline,entailment,2,TRUE,,"(bounce, jump)",,"(bounce, jump)","(bounce, jump)",,TRUE,TRUE,,,TRUE
4181,sick,train,A dog is eating a doll,A dog is biting a doll,entailment,3,TRUE,,,"(eat, bite)","(eat, bite)","(eat, bite)",,,,TRUE,TRUE,TRUE
4183662919.jpg#3r1e,snli,test,A child plays with her father's boots.,A child is playing.,entailment,2,TRUE,,NO_RELATION,NO_RELATION,,NO_RELATION,TRUE,,TRUE,,TRUE,
4241997277.jpg#3r1e,snli,dev,A well dressed man and woman wearing floral dress dancing.,the man is well dressed.,entailment,2,TRUE,,NO_RELATION,NO_RELATION,,NO_RELATION,TRUE,,TRUE,,TRUE,
4291704682.jpg#3r1e,snli,train,There are two people sweeping a sidewalk in this picture.,There are a couple of people cleaning the path.,entailment,2,TRUE,,"(sidewalk, path); (sweep, clean); (two, couple)",,"(sidewalk, path); (sweep, clean); (two, couple)","(sidewalk, path); (sweep, clean); (two, couple)",,TRUE,TRUE,,,TRUE
4294390957.jpg#3r1e,snli,train,A man talks behind a podium.,A man is speaking.,entailment,3,TRUE,,,"(talk, speak)","(talk, speak)","(talk, speak)",,,,TRUE,TRUE,TRUE
4342,sick,dev,A man is eating a banana,A man is eating a fruit,entailment,2,TRUE,,"(banana, fruit)",,"(banana, fruit)","(banana, fruit)",,TRUE,TRUE,,,TRUE
4355004642.jpg#0r1e,snli,train,"A chef and his newest creation in process, being made in an old fashioned oven.",A chef creates.,entailment,2,TRUE,,NO_RELATION,NO_RELATION,NO_RELATION,,TRUE,TRUE,,TRUE,,
4440438333.jpg#1r1e,snli,dev,The pitcher wearing black heaves the ball toward the catcher.,People are playing a game.,entailment,2,TRUE,,NO_RELATION,NO_RELATION,,NO_RELATION,TRUE,,TRUE,,TRUE,
4486280757.jpg#0r1e,snli,dev,A man in a black wetsuit with white shorts is windsurfing on a blue body of water with mountains in the background.,The man is near the water.,entailment,2,TRUE,,NO_RELATION,NO_RELATION,NO_RELATION,,TRUE,TRUE,,TRUE,,
4494,sick,test,A girl is combing her hair,A girl is styling her hair,entailment,2,TRUE,,"(comb, style)","(comb, style)","(comb, style)",,TRUE,TRUE,,TRUE,,
4501954896.jpg#2r1e,snli,test,Man jumping up in the air and splitting his legs with his mouth open.,A man is jumping.,entailment,2,TRUE,,NO_RELATION,NO_RELATION,NO_RELATION,,TRUE,TRUE,,TRUE,,
4505,sick,dev,The doctors are healing a man,The doctor is helping the patient,entailment,2,TRUE,,"(heal, help)","(heal, help)",,"(heal, help)",FALSE,,FALSE,,TRUE,
4524361920.jpg#0r1e,snli,test,A woman in a black leather shirt trench-coat and black leather calf-high boots and carrying a colorful bag with a shoulder strap faces away from the camera with a yellow post visible just in front of her.,"A lady in black leather trench coat, with matching black leather boots walks away from the camera in her front with her bag strapped to her shoulders",entailment,2,TRUE,,"(woman, lady)","(woman, lady)",,"(woman, lady)",FALSE,,TRUE,,FALSE,
4569102627.jpg#2r1e,snli,test,Little girl with very curly hair drinking her cup of juice.,A girl is ingesting liquid.,entailment,2,TRUE,,"(drink, ingest); (juice, liquid)",,"(drink, ingest); (juice, liquid)","(drink, ingest); (juice, liquid)",,TRUE,TRUE,,,TRUE
4579716766.jpg#4r1e,snli,dev,Weekend barbecue with some fish.,Weekend barbecue with some fish,entailment,2,TRUE,,NO_RELATION,NO_RELATION,,NO_RELATION,TRUE,,TRUE,,TRUE,
4589,sick,test,A hamster is singing,A small animal is singing,entailment,2,TRUE,,"(hamster, small animal)",,"(hamster, small animal)","(hamster, small animal)",,TRUE,TRUE,,,TRUE
4603247500.jpg#0r1e,snli,dev,A man in a white shirt is standing in a T-shirt booth.,A man standing in a booth.,entailment,2,TRUE,,NO_RELATION,,NO_RELATION,NO_RELATION,,TRUE,TRUE,,,TRUE
461139075.jpg#2r1e,snli,dev,A lady is standing up holing a lamp that is turned on.,A lady is holding a lit lamp.,entailment,2,TRUE,,"(turned on, lit)",,"(turned on, lit)","(turned on, lit)",,TRUE,FALSE,,,FALSE
4625392581.jpg#1r1e,snli,train,A boy with an orange shirt and blue jeans gets a ride on a man's shoulders.,A person is riding on another person's shoulders.,entailment,3,TRUE,,,"(boy, person); (man, person)","(boy, person); (man, person)","(boy, person); (man, person)",,,,TRUE,TRUE,TRUE
463848726.jpg#3r1e,snli,dev,A man is scrapping paint off a window.,A man is removing paint.,entailment,2,TRUE,,"(scrap off, remove)",,"(scrap off, remove)","(scrap off, remove)",,FALSE,TRUE,,,FALSE
463970752.jpg#1r1e,snli,dev,Ample dark-skinned man looks back at camera from behind buffet.,A man looks from behind a buffet.,entailment,2,TRUE,,NO_RELATION,NO_RELATION,NO_RELATION,,TRUE,TRUE,,TRUE,,
4640148862.jpg#2r1e,snli,dev,A woman carrying a shopping bag in front of Fisher's Popcorn.,a woman is shopping by fisher's popcorn,entailment,2,TRUE,,NO_RELATION,NO_RELATION,NO_RELATION,,TRUE,TRUE,,TRUE,,
4648416380.jpg#0r1e,snli,dev,"Many people are listening to a concert, and TV crew is recording the audience reaction.",People are listening to a concert.,entailment,2,TRUE,,NO_RELATION,NO_RELATION,NO_RELATION,,TRUE,TRUE,,TRUE,,
4661,sick,dev,A woman is slicing a potato,A woman is cutting a potato,entailment,3,TRUE,,,"(slice, cut)","(slice, cut)","(slice, cut)",,,,TRUE,TRUE,TRUE
4662948361.jpg#2r1e,snli,dev,An orange car is driving across a steel bridge in a city.,A car is driving across a bridge.,entailment,3,TRUE,,,NO_RELATION,NO_RELATION,NO_RELATION,,,,TRUE,TRUE,TRUE
4704577040.jpg#1r1e,snli,dev,A thin man in a maroon shirt standing next to a pay phone.,A man is standing next to a payphone wearing a maroon shirt.,entailment,2,TRUE,,"(pay phone, payphone)","(pay phone, payphone)",,"(pay phone, payphone)",TRUE,,FALSE,,FALSE,
4718146904.jpg#2r1e,snli,dev,A man selling donuts to a customer during a world exhibition event held in the city of Angeles,A man selling donuts to a customer.,entailment,2,TRUE,,NO_RELATION,NO_RELATION,,NO_RELATION,TRUE,,TRUE,,TRUE,
4729191874.jpg#0r1e,snli,dev,A woman in a brown shirt and a man in a hat cross the street.,A man and woman are walking in the street.,entailment,2,TRUE,,"(cross, walk)",,"(cross, walk)","(cross, walk)",,TRUE,FALSE,,,FALSE
4729746211.jpg#1r1e,snli,dev,A man in a hat is working with golden colored flowers.,"A man in a hat is working with flowers,",entailment,2,TRUE,,NO_RELATION,,NO_RELATION,NO_RELATION,,TRUE,TRUE,,,TRUE
4734,sick,dev,A man is fitting a silencer to a pistol,A man is applying a silencer to a gun,entailment,2,TRUE,,"(fit, apply); (pistol, gun)","(fit, apply); (pistol, gun)","(fit, apply); (pistol, gun)",,FALSE,TRUE,,FALSE,,
4734162520.jpg#2r1e,snli,dev,Police officer and his motorcycle in a crowd of people at a protest.,A police officer is on his motorcycle.,entailment,3,TRUE,,,NO_RELATION,NO_RELATION,NO_RELATION,,,,TRUE,TRUE,TRUE
4740975956.jpg#4r1e,snli,dev,Tall man being stopped by an officer.,There is a tall man.,entailment,2,TRUE,,NO_RELATION,NO_RELATION,,NO_RELATION,TRUE,,TRUE,,TRUE,
4760159167.jpg#3r1e,snli,dev,A man walking by a cement column next to the sea.,There is a person near some water.,entailment,2,TRUE,,"(man, person); (sea, water); (next to, near)","(man, person); (sea, water); (next to, near)","(man, person); (next to, near); (sea, water)",,TRUE,FALSE,,FALSE,,
477990943.jpg#0r1e,snli,dev,A girl with black hair and a green shirt has taken several bites from a fresh green apple.,The girl is eating in this picture.,entailment,2,TRUE,,NO_RELATION,,NO_RELATION,NO_RELATION,,TRUE,FALSE,,,FALSE
4786470364.jpg#0r1e,snli,dev,A man in a blue shirt and light blue cap walks by a working scale model of an antique freight train.,a guy with a shirt and hat walks past a train,entailment,2,TRUE,,"(man, guy); (walk by, walk past); (cap, hat)",,"(cap, hat); (man, guy); (walk by, walk past)","(cap, hat); (man, guy); (walk by, walk past)",,FALSE,FALSE,,,FALSE
4803960387.jpg#0r1e,snli,dev,A man wearing a white and blue shirt cooking corn on the cob while a different man buys a piece of corn.,A man is holding to some vegetables near another man.,entailment,3,TRUE,,,"(corn, vegetable)","(corn, vegetable)","(corn, vegetable)",,,,TRUE,TRUE,TRUE
4813609768.jpg#3r1e,snli,dev,A woman in a blue shirt stands with her hands on her hips.,The woman in the blue shirt is touching herself.,entailment,3,TRUE,,,NO_RELATION,NO_RELATION,NO_RELATION,,,,TRUE,TRUE,TRUE
481887827.jpg#3r1e,snli,dev,A group of people sit before a campfire.,People are around a fire,entailment,2,TRUE,,"(campfire, fire)","(campfire, fire)","(campfire, fire)",,TRUE,TRUE,,TRUE,,
4851047049.jpg#3r1e,snli,dev,A man playing a guitar while a woman in a checks the oven.,A man plays an instrument.,entailment,3,TRUE,,,"(guitar, instrument)","(guitar, instrument)","(guitar, instrument)",,,,TRUE,TRUE,TRUE
4876043682.jpg#2r1e,snli,dev,A boy rides on a camel in a crowded area while talking on his cellphone.,A boy is riding an animal.,entailment,2,TRUE,,"(camel, animal)","(camel, animal)","(camel, animal)",,TRUE,TRUE,,TRUE,,
4887879873.jpg#2r1e,snli,test,A man wearing a black jacket stands next to a body of water.,A person is outside near some water.,entailment,2,TRUE,,"(man, person)",,"(man, person)","(man, person)",,TRUE,TRUE,,,TRUE
489,sick,train,There is no dog playing with a red ball,Two daschunds are playing with a red ball,contradiction,2,TRUE,,"(daschund, dog)","(daschund, dog)",,"(daschund, dog)",FALSE,,FALSE,,FALSE,
4894267064.jpg#3r1e,snli,dev,2 woman walking down the street next to graffiti,The woman are by grafitti.,entailment,2,TRUE,,NO_RELATION,NO_RELATION,,NO_RELATION,TRUE,,TRUE,,TRUE,
4909669888.jpg#2r1e,snli,dev,A Black woman on the street is talking on her cellphone.,A black woman is on her phone.,entailment,2,TRUE,,"(cellphone, phone)","(cellphone, phone)",,"(cellphone, phone)",FALSE,,FALSE,,TRUE,
4916,sick,dev,A man is singing and playing a guitar,A man is singing and playing a musical instrument,entailment,2,TRUE,,"(guitar, musical instrument)",,"(guitar, musical instrument)","(guitar, musical instrument)",,TRUE,TRUE,,,TRUE
4929903531.jpg#1r1e,snli,dev,A child is looking at some colorful dresses.,A person is looking at some colorful dresses.,entailment,2,TRUE,,"(child, person)","(child, person)","(child, person)",,TRUE,TRUE,,TRUE,,
4935241932.jpg#3r1e,snli,dev,A green bike is parked next to a door.,The bike is outside.,entailment,3,TRUE,,,NO_RELATION,NO_RELATION,NO_RELATION,,,,TRUE,TRUE,TRUE
4938897545.jpg#4r1e,snli,dev,A motorcycle rider is making a sharp turn.,The motorcyclist is turning.,entailment,2,TRUE,,"(motorcycle rider, motorcyclist)","(motorcycle rider, motorcyclist)",,"(motorcycle rider, motorcyclist)",FALSE,,TRUE,,FALSE,
4950416860.jpg#3r1e,snli,dev,A man in a canoe throwing a yellow net into the water.,A man is in a boat,entailment,3,TRUE,,,"(canoe, boat)","(canoe, boat)","(canoe, boat)",,,,TRUE,TRUE,TRUE
4972,sick,test,An onion is being chopped,An onion is being sliced,entailment,3,TRUE,,,"(chop, slice)","(chop, slice)","(chop, slice)",,,,FALSE,FALSE,TRUE
4974,sick,train,Someone is holding a hedgehog,Someone is holding a small animal,entailment,2,TRUE,,"(hedgehog, small animal)","(hedgehog, small animal)","(hedgehog, small animal)",,TRUE,TRUE,,TRUE,,
4979886037.jpg#3r1e,snli,dev,A smiling costumed woman is holding an umbrella.,A happy woman holds an umbrella.,entailment,2,TRUE,,"(smiling, happy)",,"(smiling, happy)","(smiling, happy)",,TRUE,TRUE,,,TRUE
4980505768.jpg#1r1e,snli,dev,A woman dressed as Snow White walks with other girls in costume down a street.,A woman is dressed as a fairy tale character.,entailment,3,TRUE,,,"(snow white, fairy tale character)","(snow white, fairy tale character)","(snow white, fairy tale character)",,,,TRUE,TRUE,TRUE
4985197970.jpg#0r1e,snli,dev,"A sunny street with a red building, parked cars, and a man walking down the road.",The sun is shining.,entailment,3,TRUE,,,NO_RELATION,NO_RELATION,NO_RELATION,,,,TRUE,TRUE,TRUE
4985197970.jpg#3r1e,snli,dev,A person is walking down a cobblestone street.,The cobblestone street is not empty.,entailment,2,TRUE,,NO_RELATION,NO_RELATION,,NO_RELATION,FALSE,,FALSE,,TRUE,
5030,sick,dev,The man is talking on the telephone,The man is speaking on the telephone,entailment,2,TRUE,,"(talk, speak)","(talk, speak)",,"(talk, speak)",TRUE,,TRUE,,TRUE,
5042057368.jpg#3r1e,snli,dev,Old woman chasing away two lambs with a broom.,There is a woman and some animals.,entailment,2,TRUE,,"(lamb, animal)","(lamb, animal)","(lamb, animal)",,TRUE,TRUE,,TRUE,,
507035997.jpg#2r1e,snli,dev,A man cooking kabobs on a barbecue in his backyard.,The man is have a cookout.,entailment,3,TRUE,,,NO_RELATION,NO_RELATION,NO_RELATION,,,,TRUE,TRUE,TRUE
5110,sick,dev,A chef is preparing some food,A chef is preparing a meal,entailment,2,TRUE,,"(food, meal)",,"(food, meal)","(food, meal)",,TRUE,TRUE,,,TRUE
5113,sick,dev,Two sumo ringers are fighting,Two sumo wrestlers are fighting,entailment,3,TRUE,,,"(sumo ringer, sumo wrestler)","(sumo ringer, sumo wrestler)","(sumo ringer, sumo wrestler)",,,,FALSE,FALSE,FALSE
51145797.jpg#4r1e,snli,dev,Two people are in a green forest.,The forest is not dead.,entailment,2,TRUE,,NO_RELATION,NO_RELATION,,NO_RELATION,TRUE,,TRUE,,TRUE,
5149,sick,train,A lemur is hanging on a cord,A lemur is hanging on a rope,entailment,2,TRUE,,"(cord, rope)","(cord, rope)","(cord, rope)",,TRUE,TRUE,,TRUE,,
5198,sick,train,A boy is saying a word,A child is talking,entailment,2,TRUE,,"(boy, child); (say, talk)","(boy, child); (say, talk)",,"(boy, child); (say, talk)",TRUE,,TRUE,,TRUE,
5217397101.jpg#3r1e,snli,dev,A nun is taking a picture outside.,A woman is outside,entailment,2,TRUE,,"(nun, woman)","(nun, woman)","(nun, woman)",,TRUE,TRUE,,TRUE,,
5266194002.jpg#0r1e,snli,dev,A man in a blue t-shirt is watching two women sitting at a table in the kitchen baking.,A man watches two women cook,entailment,2,TRUE,,"(bake, cook)",,"(bake, cook)","(bake, cook)",,FALSE,FALSE,,,TRUE
530661899.jpg#2r1e,snli,dev,A man and women walk atop a hill.,A man and woman are walking.,entailment,2,TRUE,,NO_RELATION,NO_RELATION,,NO_RELATION,TRUE,,TRUE,,TRUE,
533601247.jpg#2r1e,snli,dev,A boy in sandals is looking at a camera in a busy street.,"A boy is in a busy street, wearing sandals, looking at a camera",entailment,2,TRUE,,NO_RELATION,,NO_RELATION,NO_RELATION,,TRUE,FALSE,,,FALSE
5435,sick,train,Two baby pandas are playing,Two cubs are playing,entailment,3,TRUE,,,"(baby panda, cub)","(baby panda, cub)","(baby panda, cub)",,,,TRUE,TRUE,TRUE
5436986554.jpg#1r1e,snli,dev,Military men dressed in camouflage and white aim there weapons while out in the snowy weather.,men have weapons,entailment,3,TRUE,,,NO_RELATION,NO_RELATION,NO_RELATION,,,,TRUE,TRUE,TRUE
5462,sick,train,A boy is mowing the lawn,A guy is mowing the lawn,entailment,2,TRUE,,"(boy, guy)","(boy, guy)","(boy, guy)",,TRUE,TRUE,,TRUE,,
5498,sick,dev,A woman is cutting a lemon,A woman is cutting fruit,entailment,2,TRUE,,"(lemon, fruit)","(lemon, fruit)",,"(lemon, fruit)",TRUE,,TRUE,,TRUE,
5554,sick,train,The man is aiming a gun,The man is handling a gun,entailment,2,TRUE,,"(aim, handle)",,"(aim, handle)","(aim, handle)",,TRUE,FALSE,,,FALSE
5555,sick,train,The man is aiming a gun,The man is drawing a gun,entailment,3,TRUE,,,NO_RELATION,NO_RELATION,NO_RELATION,,,,TRUE,TRUE,TRUE
562928217.jpg#4r1e,snli,dev,A black and a white dog are going after a tennis ball.,The dogs are chasing a ball.,entailment,2,TRUE,,"(go after, chase)","(go after, chase)","(go after, chase)",,TRUE,TRUE,,TRUE,,
5728602543.jpg#4r1e,snli,dev,Two young girls looking at Barbie dolls.,Two girls are watching dolls.,entailment,2,TRUE,,"(look, watch)","(look, watch)","(look, watch)",,TRUE,FALSE,,FALSE,,
5791070.jpg#3r1e,snli,dev,"Interior of the restaurant chain: Planet Hollywood, various movie memorabilia decorate the space.",The inside of a restaurant.,entailment,3,TRUE,,,"(interior, inside)","(interior, inside)","(interior, inside)",,,,FALSE,FALSE,TRUE
5806,sick,dev,A man is rowing a canoe,A man is rowing a boat,entailment,2,TRUE,,"(canoe, boat)","(canoe, boat)","(canoe, boat)",,TRUE,TRUE,,TRUE,,
5871026012.jpg#3r1e,snli,dev,A golfer has just finished swinging his club.,a human outside,entailment,2,TRUE,,"(golfer, human)","(golfer, human)","(golfer, human)",,FALSE,TRUE,,FALSE,,
6167481552.jpg#3r1e,snli,dev,A football team getting ready for the coin toss in a half empty stadium.,The stadium is not full.,entailment,2,TRUE,,"(half empty, not full)","(half empty, not full)",,"(half empty, not full)",FALSE,,FALSE,,FALSE,
6167481552.jpg#3r1n,snli,dev,A football team getting ready for the coin toss in a half empty stadium.,There is a game about to be played.,entailment,2,TRUE,,NO_RELATION,,NO_RELATION,NO_RELATION,,TRUE,TRUE,,,TRUE
6214,sick,train,A man is on a ship in front of the sunset,A man is on a boat in front of the sunset,entailment,3,TRUE,,,"(ship, boat)","(ship, boat)","(ship, boat)",,,,TRUE,TRUE,TRUE
6220789654.jpg#3r1e,snli,dev,A woman closes her eyes as she plays her cello.,A woman is making music.,entailment,2,TRUE,,NO_RELATION,NO_RELATION,NO_RELATION,,FALSE,TRUE,,FALSE,,
6285562381.jpg#2r1e,snli,dev,A man and a woman hug on a grassy hillside overlooking the countryside in the distance.,The man and woman are outdoors.,entailment,2,TRUE,,"(hillside, outdoors)","(hillside, outdoors)",,"(hillside, outdoors)",FALSE,,TRUE,,FALSE,
6336028231.jpg#0r1e,snli,dev,A skydiving instructor with a student strapped together while skydiving.,People are jumping from a plane.,entailment,2,TRUE,,NO_RELATION,,NO_RELATION,NO_RELATION,,TRUE,TRUE,,,TRUE
65847949.jpg#1r3e,snli,train,Four women sitting on green outdoor furniture on a patio with a small doghouse in the backdrop.,four women sitting outdoors,entailment,2,TRUE,,"(patio, outdoors)","(patio, outdoors)","(patio, outdoors)",,FALSE,TRUE,,FALSE,,
6634,sick,dev,A hurdle is being leapt by a horse that has a rider on its back,A horse and its rider are leaping over a barrier,entailment,2,TRUE,,"(hurdle, barrier); (leap, leap over)",,"(hurdle, barrier); (leap, leap over)","(hurdle, barrier); (leap, leap over)",,FALSE,TRUE,,,FALSE
6756,sick,dev,A large brown dog and a small grey dog are standing on a rocky surface,A big brown dog and a small grey dog are standing on a rocky surface,entailment,3,TRUE,,,"(large, big)","(large, big)","(large, big)",,,,TRUE,TRUE,TRUE
686293997.jpg#4r1e,snli,dev,"Dinner and decisions, with the crew.",the crew was having dinner,entailment,2,TRUE,,NO_RELATION,NO_RELATION,,NO_RELATION,TRUE,,TRUE,,TRUE,
7081260077.jpg#3r1e,snli,dev,Rugby player in blue dives to tackle the ball carrier in white.,A rugby player is playing in a match.,entailment,3,TRUE,,,NO_RELATION,NO_RELATION,NO_RELATION,,,,TRUE,TRUE,TRUE
7123721879.jpg#0r1e,snli,dev,"A single runner, clothed in appropriate attire, jogging on a sidewalk next to a body of water, with buildings in the backdrop on the other side of the water.","A jogger, dressed for jogging, jogs on a sidewalk near water.",entailment,3,TRUE,,,"(runner, jogger); (next to, near); (clothed, dressed)","(next to, near); (runner, jogger); (clothed, dressed)","(clothed, dressed); (runner, jogger); (next to, near)",,,,FALSE,FALSE,FALSE
72010421.jpg#0r1e,snli,dev,"A young girl sitting on a white comforter on a bed covered with clothing, holding a yellow stuffed duck.",A yellow duck being held by a girl.,entailment,2,TRUE,,NO_RELATION,NO_RELATION,,NO_RELATION,TRUE,,TRUE,,TRUE,
7292157214.jpg#0r1e,snli,dev,A man wearing a white jacket and pink hat is speaking into a microphone while raising one arm above his head.,The man is wearing a hat.,entailment,2,TRUE,,NO_RELATION,NO_RELATION,NO_RELATION,,TRUE,TRUE,,TRUE,,
7391785714.jpg#4r1e,snli,dev,Kids are on a amusement ride.,Kids ride an amusement ride.,entailment,2,TRUE,,NO_RELATION,NO_RELATION,NO_RELATION,,TRUE,TRUE,,TRUE,,
7417714642.jpg#0r1e,snli,dev,A bride wearing her bridal gown is taking pictures with her colorful wedding bouquet in front of cows.,A bride is taking wedding pictures.,entailment,3,TRUE,,,NO_RELATION,NO_RELATION,NO_RELATION,,,,TRUE,TRUE,TRUE
7479,sick,train,Two guys are sitting around a table and holding beers in their hands,Two blokes are sitting around a table and holding beers in their hands,entailment,2,TRUE,,"(guy, bloke)","(guy, bloke)","(guy, bloke)",,TRUE,TRUE,,TRUE,,
761479953.jpg#2r1e,snli,dev,A young boy wearing safety swimming gear and goggles is in a pool.,A kid uses eye protection while in the water.,entailment,2,TRUE,,"(goggles, eye protection); (pool, water); (young boy, kid)",,"(goggles, eye protection); (pool, water); (young boy, kid)","(goggles, eye protection); (pool, water); (young boy, kid)",,TRUE,TRUE,,,TRUE
7671653534.jpg#2r1e,snli,dev,"Bicyclists are in the street as a crowd watches them ride by a banner that say ""London 2012"".",There are bikes being ridden.,entailment,2,TRUE,,NO_RELATION,,NO_RELATION,NO_RELATION,,TRUE,TRUE,,,TRUE
7700959654.jpg#4r1e,snli,dev,A woman and a man are sword fighting.,Two people are opposing each other in a sword fight.,entailment,3,TRUE,,,NO_RELATION,NO_RELATION,NO_RELATION,,,,TRUE,TRUE,TRUE
7764955218.jpg#4r1e,snli,dev,Two men in yellow jackets and black pants have medals.,The men have been given an award at some point.,entailment,2,TRUE,,"(medal, award)","(medal, award)","(medal, award)",,TRUE,TRUE,,TRUE,,
7795,sick,dev,A tennis player is lunging to the left,A tennis player is jumping to the left,entailment,2,TRUE,,"(lunge, jump)","(lunge, jump)",,"(lunge, jump)",FALSE,,FALSE,,TRUE,
7852369036.jpg#2r1e,snli,dev,A badminton player from china is sprawled out on the badminton court with his racket close by.,A badminton player is laying on a court.,entailment,2,TRUE,,"(sprawl out, lay)","(sprawl out, lay)","(sprawl out, lay)",,FALSE,FALSE,,FALSE,,
8021,sick,train,A brown and white dog is playing on the grass,A brown and white dog is playing on the lawn,entailment,2,TRUE,,"(grass, lawn)",,"(grass, lawn)","(grass, lawn)",,TRUE,TRUE,,,TRUE
8159685316.jpg#1r1e,snli,dev,"Female runners from Japan, Germany and China are running side by side.",The runners are not from the US,entailment,3,TRUE,,,NO_RELATION,NO_RELATION,NO_RELATION,,,,TRUE,TRUE,TRUE
8182074427.jpg#3r1e,snli,dev,A female basketball player dribbling down court.,A female basketball player is dribbling,entailment,2,TRUE,,NO_RELATION,NO_RELATION,,NO_RELATION,TRUE,,TRUE,,TRUE,
823425327.jpg#4r1e,snli,dev,There are three woman conversing at a table with drinks.,Women are talking,entailment,3,TRUE,,,"(converse, talk)","(converse, talk)","(converse, talk)",,,,TRUE,TRUE,TRUE
82945847.jpg#0r1n,snli,dev,"Three sisters, barefoot in pink dresses and who range in age from preschool to teenager are pictured on a beach as they look out at the Ocean.","Three sisters, barefoot in pretty pink dresses and who range in age from preschool to teenager",entailment,2,TRUE,,NO_RELATION,NO_RELATION,,NO_RELATION,TRUE,,TRUE,,TRUE,
8334,sick,dev,A man is doing a trick on a skateboard,A person is doing a trick on a skateboard,entailment,2,TRUE,,"(man, person)","(man, person)",,"(man, person)",TRUE,,TRUE,,TRUE,
8343,sick,dev,A man in a motocross uniform is wearing a helmet and rides a red motorcycle,A person in a motocross uniform is wearing a helmet and rides a red motorcycle,entailment,2,TRUE,,"(man, person)",,"(man, person)","(man, person)",,TRUE,TRUE,,,TRUE
86112925.jpg#0r1e,snli,dev,"A woman in a patterned shirt hands a plate of food to another woman in an apron, while two women work in the background.",Several women collaborate to hand out food.,entailment,2,TRUE,,NO_RELATION,NO_RELATION,NO_RELATION,,TRUE,TRUE,,TRUE,,
8624,sick,train,People are sitting against a wall,People are sitting near a wall,entailment,2,TRUE,,"(against, near)","(against, near)","(against, near)",,FALSE,TRUE,,FALSE,,
8633,sick,dev,"A man is rock climbing, pausing and calculating the route","A man is rock climbing, stopping and calculating the route",entailment,2,TRUE,,"(pause, stop)","(pause, stop)",,"(pause, stop)",TRUE,,TRUE,,TRUE,
8660,sick,dev,A group of rollerbladers is lining up on the street,A group of rollerbladers is lining up on the road,entailment,2,TRUE,,"(street, road)",,"(street, road)","(street, road)",,TRUE,TRUE,,,TRUE
8806,sick,dev,A dog is swimming in a body of water,An animal is swimming in a body of water,entailment,2,TRUE,,"(dog, animal)","(dog, animal)","(dog, animal)",,TRUE,TRUE,,TRUE,,
89332423.jpg#4r1e,snli,dev,A man holding a large swordfish.,There is a person with a fish.,entailment,2,TRUE,,"(man, person); (swordfish, fish)","(swordfish, fish); (man, person)","(man, person); (swordfish, fish)",,FALSE,FALSE,,FALSE,,
9069,sick,dev,Two boys are laying in the ocean close to the beach,Two boys are laying in the water close to the beach,entailment,2,TRUE,,"(ocean, water)",,"(ocean, water)","(ocean, water)",,TRUE,TRUE,,,TRUE
9359,sick,dev,A surfer is surfing a big wave,A surfer is surfing a huge wave,entailment,3,TRUE,,,"(big, huge)","(big, huge)","(big, huge)",,,,TRUE,TRUE,TRUE
9433,sick,dev,The black and white dog is running in a green yard,A black and white dog is running outdoors,entailment,2,TRUE,,"(yard, outdoors)","(yard, outdoors)","(yard, outdoors)",,FALSE,FALSE,,TRUE,,
952171414.jpg#2r1e,snli,dev,a group of four people conversing next to a bus,A group of people are talking near a vehicle.,entailment,2,TRUE,,"(bus, vehicle); (converse, talk); (next to, near)",,"(bus, vehicle); (converse, talk); (next to, near)","(bus, vehicle); (converse, talk); (next to, near)",,FALSE,TRUE,,,FALSE
9584,sick,dev,The woman is holding the paintbrush next to the artist's easel,The lady is holding the paintbrush next to the artist's easel,entailment,2,TRUE,,"(woman, lady)","(woman, lady)",,"(woman, lady)",FALSE,,TRUE,,FALSE,
9668,sick,train,A shirtless man is escorting a horse that is pulling a carriage along a paved road,A shirtless man is leading a horse that is pulling a carriage,entailment,2,TRUE,,"(escort, lead)",,"(escort, lead)","(escort, lead)",,TRUE,TRUE,,,TRUE
976581518.jpg#0r1e,snli,test,A scientist studies a slide in order to work on her new creation.,A scientist studies a slide that is related to her invention.,entailment,2,TRUE,,"(creation, invention)",,"(creation, invention)","(creation, invention)",,TRUE,TRUE,,,TRUE
vg_len26r4e,snli,train,The spectators wear hats,The onlookers wear hats,entailment,2,TRUE,,"(spectator, onlooker)","(spectator, onlooker)","(spectator, onlooker)",,TRUE,TRUE,,TRUE,,
vg_len47r4e,snli,train,The man is white.,The man is not black.,entailment,3,TRUE,,,NO_RELATION,NO_RELATION,NO_RELATION,,,,TRUE,TRUE,TRUE
vg_len66r1e,snli,train,The cup is shiny.,The cup glitters,entailment,2,TRUE,,NO_RELATION,NO_RELATION,NO_RELATION,,TRUE,TRUE,,TRUE,,
vg_len84r1e,snli,train,The bus is gleaming,The bus is bright.,entailment,2,TRUE,,"(gleaming, bright)","(gleaming, bright)",,"(gleaming, bright)",TRUE,,TRUE,,TRUE,
