id,result,error
esnli_test_33,neutral,
esnli_test_75,entailment,
esnli_test_131,entailment,
esnli_test_295,entailment,
esnli_test_313,entailment,
esnli_test_379,neutral,
esnli_test_508,neutral,
esnli_test_354,neutral,
esnli_test_376,neutral,
esnli_test_670,neutral,
esnli_test_555,neutral,
esnli_test_760,neutral,
esnli_test_537,neutral,
esnli_test_796,neutral,
esnli_test_861,entailment,
esnli_test_832,neutral,
esnli_test_953,neutral,
esnli_test_1035,neutral,
esnli_test_1079,neutral,
esnli_test_1096,entailment,
esnli_test_1107,neutral,
esnli_test_1148,neutral,
esnli_test_1212,neutral,
esnli_test_1215,neutral,
esnli_test_1311,neutral,
esnli_test_1201,neutral,
esnli_test_1271,neutral,
esnli_test_1335,neutral,
esnli_test_1641,entailment,
esnli_test_1363,neutral,
esnli_test_1485,neutral,
esnli_test_1691,neutral,
esnli_test_1819,neutral,
esnli_test_1848,neutral,
esnli_test_1656,neutral,
esnli_test_1893,entailment,
esnli_test_1898,neutral,
esnli_test_1874,neutral,
esnli_test_1916,neutral,
esnli_test_1930,neutral,
esnli_test_2122,neutral,
esnli_test_1940,neutral,
esnli_test_2033,neutral,
esnli_test_2517,neutral,
esnli_test_2532,entailment,
esnli_test_2375,neutral,
esnli_test_2287,neutral,
esnli_test_2552,entailment,
esnli_test_2636,entailment,
esnli_test_2584,neutral,
esnli_test_2626,neutral,
esnli_test_2640,neutral,
esnli_test_2650,neutral,
esnli_test_2740,neutral,
esnli_test_2680,neutral,
esnli_test_2802,entailment,
esnli_test_2755,neutral,
esnli_test_2944,entailment,
esnli_test_2804,neutral,
esnli_test_2947,neutral,
esnli_test_2964,neutral,
esnli_test_3169,entailment,
esnli_test_3175,neutral,
esnli_test_3188,neutral,
esnli_test_3189,entailment,
esnli_test_3221,neutral,
esnli_test_3216,neutral,
esnli_test_3235,neutral,
esnli_test_3365,entailment,
esnli_test_3262,neutral,
esnli_test_3023,neutral,
esnli_test_3369,neutral,
esnli_test_3327,neutral,
esnli_test_3499,entailment,
esnli_test_3548,neutral,
esnli_test_3611,neutral,
esnli_test_3542,neutral,
esnli_test_3813,neutral,
esnli_test_4072,entailment,
esnli_test_4118,neutral,
esnli_test_3824,neutral,
esnli_test_4167,neutral,
esnli_test_4343,neutral,
esnli_test_3927,neutral,
esnli_test_4300,neutral,
esnli_test_4378,neutral,
esnli_test_4382,neutral,
esnli_test_4558,neutral,
esnli_test_4476,neutral,
esnli_test_4516,neutral,
esnli_test_4565,neutral,
esnli_test_4412,neutral,
esnli_test_4572,neutral,
esnli_test_4633,neutral,
esnli_test_4753,neutral,
esnli_test_4821,neutral,
esnli_test_4795,neutral,
esnli_test_5055,neutral,
esnli_test_5092,neutral,
esnli_test_5085,neutral,
esnli_test_5087,neutral,
esnli_test_4594,neutral,
esnli_test_5247,neutral,
esnli_test_5165,neutral,
esnli_test_5413,neutral,
esnli_test_5474,entailment,
esnli_test_5470,neutral,
esnli_test_5543,neutral,
esnli_test_5581,neutral,
esnli_test_5650,neutral,
esnli_test_5956,entailment,
esnli_test_6038,entailment,
esnli_test_5538,neutral,
esnli_test_6022,neutral,
esnli_test_6111,neutral,
esnli_test_6092,neutral,
esnli_test_6380,neutral,
esnli_test_6394,neutral,
esnli_test_6138,neutral,
esnli_test_6436,neutral,
esnli_test_6460,neutral,
esnli_test_6469,neutral,
esnli_test_6491,neutral,
esnli_test_6573,neutral,
esnli_test_6498,neutral,
esnli_test_6574,neutral,
esnli_test_6669,entailment,
esnli_test_6654,neutral,
esnli_test_6766,entailment,
esnli_test_6767,entailment,
esnli_test_6708,entailment,
esnli_test_6831,neutral,
esnli_test_7021,neutral,
esnli_test_6949,neutral,
esnli_test_7011,neutral,
esnli_test_7075,neutral,
esnli_test_7091,neutral,
esnli_test_7161,neutral,
esnli_test_7241,neutral,
esnli_test_7314,neutral,
esnli_test_7311,neutral,
esnli_test_7155,neutral,
esnli_test_7416,neutral,
esnli_test_7523,neutral,
esnli_test_7609,neutral,
esnli_test_7615,entailment,
esnli_test_7539,neutral,
esnli_test_7494,neutral,
esnli_test_7669,neutral,
esnli_test_7675,neutral,
esnli_test_7687,entailment,
esnli_test_7659,entailment,
esnli_test_7845,neutral,
esnli_test_7778,neutral,
esnli_test_7757,neutral,
esnli_test_8001,neutral,
esnli_test_7911,neutral,
esnli_test_8079,neutral,
esnli_test_8129,neutral,
esnli_test_8146,entailment,
esnli_test_8131,neutral,
esnli_test_8179,entailment,
esnli_test_8167,neutral,
esnli_test_8221,neutral,
esnli_test_8340,neutral,
esnli_test_8381,neutral,
esnli_test_8377,neutral,
esnli_test_8414,neutral,
esnli_test_8551,entailment,
esnli_test_8624,neutral,
esnli_test_8594,neutral,
esnli_test_8609,neutral,
esnli_test_8708,entailment,
esnli_test_8717,entailment,
esnli_test_8574,neutral,
esnli_test_8795,neutral,
esnli_test_8898,neutral,
esnli_test_8856,neutral,
esnli_test_8962,neutral,
esnli_test_8919,entailment,
esnli_test_8844,neutral,
esnli_test_9012,neutral,
esnli_test_9088,neutral,
esnli_test_9095,neutral,
esnli_test_9165,entailment,
esnli_test_9168,neutral,
esnli_test_9227,neutral,
esnli_test_9052,neutral,
esnli_test_9261,neutral,
esnli_test_9294,neutral,
esnli_test_9447,entailment,
esnli_test_9605,neutral,
esnli_test_9630,entailment,
esnli_test_9658,neutral,
esnli_test_9820,neutral,
esnli_test_9617,neutral,
esnli_test_7222,-,"Server error '500 INTERNAL SERVER ERROR' for url 'https://langpro-annotator.hum.uu.nl/langpro-api/prove/'
For more information check: https://developer.mozilla.org/en-US/docs/Web/HTTP/Status/500"
esnli_test_9110,-,"Server error '500 INTERNAL SERVER ERROR' for url 'https://langpro-annotator.hum.uu.nl/langpro-api/prove/'
For more information check: https://developer.mozilla.org/en-US/docs/Web/HTTP/Status/500"
esnli_test_7705,neutral,
esnli_test_941,neutral,
