ID,dataset,split,gold_label,n_candidates,status,esnli_id,split_agrees,label_agrees
114368470.jpg#1r1e,snli,dev,entailment,1,matched,esnli_validation_3402,True,True
1184967930.jpg#4r4e,snli,train,entailment,1,matched,esnli_train_109436,True,True
1192,sick,dev,entailment,0,sick_not_in_esnli,,,
119364730.jpg#3r1e,snli,train,entailment,1,matched,esnli_train_357650,True,True
1262,sick,test,entailment,0,sick_not_in_esnli,,,
1403064674.jpg#3r1e,snli,dev,entailment,1,matched,esnli_validation_7622,True,True
1405221276.jpg#4r1e,snli,dev,entailment,1,matched,esnli_validation_2210,True,True
1412,sick,dev,entailment,0,sick_not_in_esnli,,,
1425529973.jpg#2r1e,snli,dev,entailment,1,matched,esnli_validation_6290,True,True
147236031.jpg#1r1e,snli,dev,entailment,1,matched,esnli_validation_4056,True,True
1495,sick,dev,entailment,0,sick_not_in_esnli,,,
1497,sick,test,entailment,0,sick_not_in_esnli,,,
1584,sick,dev,entailment,0,sick_not_in_esnli,,,
158827073.jpg#2r1e,snli,dev,entailment,1,matched,esnli_validation_8563,True,True
1792,sick,train,entailment,0,sick_not_in_esnli,,,
1796608106.jpg#4r1e,snli,dev,entailment,1,matched,esnli_validation_1612,True,True
2021602343.jpg#2r1e,snli,dev,entailment,1,matched,esnli_validation_2421,True,True
207584893.jpg#3r1e,snli,train,entailment,1,matched,esnli_train_470075,True,True
2079152458.jpg#0r1e,snli,dev,entailment,1,matched,esnli_validation_2104,True,True
2095711097.jpg#1r1e,snli,train,entailment,1,matched,esnli_train_471749,True,True
2109479807.jpg#0r1e,snli,dev,entailment,1,matched,esnli_validation_1535,True,True
211,sick,dev,entailment,0,sick_not_in_esnli,,,
2137789511.jpg#1r1e,snli,dev,entailment,1,matched,esnli_validation_121,True,True
2195887578.jpg#2r1e,snli,test,entailment,1,matched,esnli_test_7919,True,True
2201978994.jpg#1r1e,snli,dev,entailment,1,matched,esnli_validation_3921,True,True
2208055895.jpg#4r1e,snli,dev,entailment,1,matched,esnli_validation_3878,True,True
2217728745.jpg#4r1e,snli,train,entailment,1,matched,esnli_train_411666,True,True
2218743570.jpg#4r1n,snli,dev,entailment,1,matched,esnli_validation_3268,True,True
2232255534.jpg#0r1e,snli,dev,entailment,1,matched,esnli_validation_1746,True,True
2237364221.jpg#3r1e,snli,dev,entailment,1,matched,esnli_validation_3802,True,True
2255375425.jpg#2r1e,snli,dev,entailment,1,matched,esnli_validation_375,True,True
2275372714.jpg#3r1e,snli,dev,entailment,1,matched,esnli_validation_3525,True,True
2276230068.jpg#4r1e,snli,dev,entailment,1,matched,esnli_validation_3818,True,True
2279906281.jpg#1r1e,snli,dev,entailment,1,matched,esnli_validation_3604,True,True
2281,sick,train,entailment,0,sick_not_in_esnli,,,
228280436.jpg#1r1e,snli,test,entailment,1,matched,esnli_test_6084,True,True
23012662.jpg#4r1e,snli,dev,entailment,1,matched,esnli_validation_7210,True,True
2343145630.jpg#0r4e,snli,train,entailment,1,matched,esnli_train_502905,True,True
2367387854.jpg#1r1e,snli,dev,entailment,1,matched,esnli_validation_3956,True,True
237424188.jpg#0r1e,snli,dev,entailment,1,matched,esnli_validation_3231,True,True
2384728877.jpg#0r1e,snli,dev,entailment,1,matched,esnli_validation_7541,True,True
2393059551.jpg#1r1e,snli,dev,entailment,1,matched,esnli_validation_841,True,True
2405,sick,dev,entailment,0,sick_not_in_esnli,,,
241345721.jpg#4r1e,snli,dev,entailment,1,matched,esnli_validation_1417,True,True
241346508.jpg#0r1e,snli,dev,entailment,1,matched,esnli_validation_3425,True,True
2421824693.jpg#3r1e,snli,dev,entailment,1,matched,esnli_validation_7835,True,True
2518094853.jpg#3r1e,snli,dev,entailment,1,matched,esnli_validation_3114,True,True
2521878609.jpg#4r1e,snli,train,entailment,1,matched,esnli_train_116397,True,True
2529017800.jpg#1r1e,snli,dev,entailment,1,matched,esnli_validation_3033,True,True
2533414541.jpg#3r1e,snli,dev,entailment,1,matched,esnli_validation_2313,True,True
2543017787.jpg#4r1e,snli,train,entailment,1,matched,esnli_train_183723,True,True
255091927.jpg#4r1e,snli,dev,entailment,1,matched,esnli_validation_7001,True,True
2557,sick,dev,entailment,0,sick_not_in_esnli,,,
2565685680.jpg#0r1e,snli,train,entailment,1,matched,esnli_train_97922,True,True
2573969957.jpg#1r1e,snli,dev,entailment,1,matched,esnli_validation_7984,True,True
2602415701.jpg#0r1e,snli,dev,entailment,1,matched,esnli_validation_6580,True,True
261626276.jpg#0r1e,snli,dev,entailment,1,matched,esnli_validation_3087,True,True
2618866067.jpg#4r1e,snli,train,entailment,1,matched,esnli_train_239215,True,True
2647049174.jpg#4r1e,snli,train,entailment,1,matched,esnli_train_192488,True,True
2665904080.jpg#1r1e,snli,dev,entailment,1,matched,esnli_validation_4316,True,True
2671880562.jpg#3r1e,snli,dev,entailment,1,matched,esnli_validation_7044,True,True
2680990587.jpg#3r1e,snli,train,entailment,1,matched,esnli_train_170201,True,True
2709648336.jpg#0r1e,snli,dev,entailment,1,matched,esnli_validation_3074,True,True
2714703706.jpg#0r1e,snli,dev,entailment,1,matched,esnli_validation_2737,True,True
2723024306.jpg#3r1e,snli,dev,entailment,1,matched,esnli_validation_4619,True,True
2726887594.jpg#4r1e,snli,dev,entailment,1,matched,esnli_validation_6326,True,True
273699639.jpg#4r1e,snli,dev,entailment,1,matched,esnli_validation_8607,True,True
2741990005.jpg#4r1e,snli,train,entailment,1,matched,esnli_train_438281,True,True
2744856447.jpg#3r1e,snli,dev,entailment,1,matched,esnli_validation_6075,True,True
2760560588.jpg#3r1e,snli,dev,entailment,1,matched,esnli_validation_409,True,True
2795,sick,dev,entailment,0,sick_not_in_esnli,,,
2802158972.jpg#1r1e,snli,train,entailment,1,matched,esnli_train_112909,True,True
2809,sick,train,entailment,0,sick_not_in_esnli,,,
281271503.jpg#4r1e,snli,test,entailment,1,matched,esnli_test_3644,True,True
2829,sick,dev,entailment,0,sick_not_in_esnli,,,
2843629756.jpg#0r1e,snli,test,entailment,1,matched,esnli_test_5899,True,True
2853682342.jpg#1r1e,snli,dev,entailment,1,matched,esnli_validation_354,True,True
2864340145.jpg#2r1e,snli,dev,entailment,1,matched,esnli_validation_2772,True,True
288406480.jpg#0r1e,snli,dev,entailment,1,matched,esnli_validation_4070,True,True
2898,sick,dev,entailment,0,sick_not_in_esnli,,,
2971285079.jpg#2r1e,snli,dev,entailment,1,matched,esnli_validation_2368,True,True
303607405.jpg#4r3e,snli,train,entailment,2,matched,esnli_train_123674,True,True
3036894037.jpg#1r1e,snli,dev,entailment,1,matched,esnli_validation_1841,True,True
3040999637.jpg#4r1e,snli,dev,entailment,1,matched,esnli_validation_6151,True,True
3046190891.jpg#2r1e,snli,test,entailment,1,matched,esnli_test_7609,True,True
3047788420.jpg#0r1e,snli,dev,entailment,1,matched,esnli_validation_104,True,True
3054989420.jpg#0r1e,snli,dev,entailment,1,matched,esnli_validation_4629,True,True
3064443326.jpg#2r1e,snli,dev,entailment,1,matched,esnli_validation_2480,True,True
3072611047.jpg#1r1e,snli,dev,entailment,1,matched,esnli_validation_8568,True,True
3091403322.jpg#2r1e,snli,dev,entailment,1,matched,esnli_validation_284,True,True
3091921457.jpg#2r1e,snli,dev,entailment,1,matched,esnli_validation_7018,True,True
3101378069.jpg#4r1e,snli,dev,entailment,1,matched,esnli_validation_3089,True,True
3106022785.jpg#0r1e,snli,dev,entailment,1,matched,esnli_validation_1772,True,True
311,sick,train,entailment,0,sick_not_in_esnli,,,
3115354165.jpg#4r1e,snli,dev,entailment,1,matched,esnli_validation_4963,True,True
3122,sick,dev,entailment,0,sick_not_in_esnli,,,
312691128.jpg#1r1e,snli,dev,entailment,1,matched,esnli_validation_2084,True,True
3134092148.jpg#3r2e,snli,train,entailment,1,matched,esnli_train_355728,True,True
3168293517.jpg#2r1e,snli,dev,entailment,1,matched,esnli_validation_91,True,True
3181701312.jpg#2r1e,snli,dev,entailment,1,matched,esnli_validation_3196,True,True
3182517887.jpg#1r1e,snli,dev,entailment,1,matched,esnli_validation_7284,True,True
320199844.jpg#0r1e,snli,dev,entailment,1,matched,esnli_validation_856,True,True
3208032657.jpg#2r1e,snli,dev,entailment,1,matched,esnli_validation_116,True,True
3228793611.jpg#4r1e,snli,train,entailment,1,matched,esnli_train_291125,True,True
3232994074.jpg#4r1e,snli,dev,entailment,1,matched,esnli_validation_6813,True,True
3246724744.jpg#0r1e,snli,dev,entailment,1,matched,esnli_validation_1611,True,True
3250,sick,dev,entailment,0,sick_not_in_esnli,,,
3256433677.jpg#2r1n,snli,dev,entailment,1,matched,esnli_validation_7677,True,True
326456451.jpg#4r1e,snli,train,entailment,1,matched,esnli_train_148094,True,True
3375549004.jpg#4r1e,snli,dev,entailment,1,matched,esnli_validation_3105,True,True
3383037991.jpg#3r1e,snli,dev,entailment,1,matched,esnli_validation_6158,True,True
342289865.jpg#1r1e,snli,dev,entailment,1,matched,esnli_validation_954,True,True
3424908564.jpg#1r1e,snli,dev,entailment,1,matched,esnli_validation_4133,True,True
3426144752.jpg#0r1e,snli,dev,entailment,1,matched,esnli_validation_6997,True,True
3426724811.jpg#4r1e,snli,dev,entailment,1,matched,esnli_validation_653,True,True
3432730942.jpg#0r1e,snli,dev,entailment,1,matched,esnli_validation_2255,True,True
3440104178.jpg#4r1e,snli,dev,entailment,1,matched,esnli_validation_1797,True,True
3447155358.jpg#3r1e,snli,dev,entailment,1,matched,esnli_validation_773,True,True
3455964125.jpg#0r1e,snli,dev,entailment,1,matched,esnli_validation_2161,True,True
3471514734.jpg#1r1e,snli,dev,entailment,1,matched,esnli_validation_7093,True,True
347186933.jpg#2r1e,snli,dev,entailment,1,matched,esnli_validation_7224,True,True
3479245321.jpg#4r1e,snli,train,entailment,1,matched,esnli_train_432552,True,True
3486059684.jpg#1r1e,snli,dev,entailment,1,matched,esnli_validation_3189,True,True
3500136982.jpg#1r1e,snli,dev,entailment,1,matched,esnli_validation_3923,True,True
3515378674.jpg#2r1e,snli,dev,entailment,1,matched,esnli_validation_3865,True,True
3518365400.jpg#3r1e,snli,dev,entailment,1,matched,esnli_validation_8785,True,True
3523115345.jpg#4r1e,snli,dev,entailment,1,matched,esnli_validation_7383,True,True
3552435734.jpg#2r1e,snli,dev,entailment,1,matched,esnli_validation_7536,True,True
3562169000.jpg#0r1e,snli,dev,entailment,1,matched,esnli_validation_3478,True,True
3584860179.jpg#1r1e,snli,dev,entailment,1,matched,esnli_validation_6851,True,True
3586,sick,dev,entailment,0,sick_not_in_esnli,,,
359800617.jpg#0r1e,snli,dev,entailment,1,matched,esnli_validation_6336,True,True
3612249030.jpg#1r1e,snli,dev,entailment,1,matched,esnli_validation_7035,True,True
3613264553.jpg#4r1e,snli,dev,entailment,1,matched,esnli_validation_3083,True,True
3614595423.jpg#4r1e,snli,train,entailment,1,matched,esnli_train_438853,True,True
3618525295.jpg#2r1e,snli,dev,entailment,1,matched,esnli_validation_6391,True,True
3629664676.jpg#4r1e,snli,train,entailment,1,matched,esnli_train_34687,True,True
3639617775.jpg#0r1e,snli,dev,entailment,1,matched,esnli_validation_3007,True,True
3639967449.jpg#3r1e,snli,dev,entailment,1,matched,esnli_validation_1965,True,True
3641,sick,test,entailment,0,sick_not_in_esnli,,,
36422830.jpg#0r1e,snli,dev,entailment,1,matched,esnli_validation_3192,True,True
3696246123.jpg#3r1e,snli,dev,entailment,1,matched,esnli_validation_3368,True,True
3707585013.jpg#4r1e,snli,dev,entailment,1,matched,esnli_validation_6055,True,True
3726076549.jpg#4r1e,snli,dev,entailment,1,matched,esnli_validation_3198,True,True
3732782360.jpg#4r1e,snli,dev,entailment,1,matched,esnli_validation_4707,True,True
3746285587.jpg#2r1e,snli,test,entailment,1,matched,esnli_test_479,True,True
3760793412.jpg#1r1e,snli,test,entailment,1,matched,esnli_test_9001,True,True
3760799822.jpg#2r1e,snli,dev,entailment,1,matched,esnli_validation_4051,True,True
3791591952.jpg#3r1e,snli,dev,entailment,1,matched,esnli_validation_3755,True,True
3794595430.jpg#3r1e,snli,dev,entailment,1,matched,esnli_validation_994,True,True
3799984714.jpg#0r1e,snli,dev,entailment,1,matched,esnli_validation_3851,True,True
381275595.jpg#1r1e,snli,dev,entailment,1,matched,esnli_validation_6100,True,True
3816820298.jpg#0r1e,snli,train,entailment,1,matched,esnli_train_228814,True,True
381750411.jpg#0r1e,snli,dev,entailment,1,matched,esnli_validation_6474,True,True
3825750029.jpg#1r1e,snli,dev,entailment,1,matched,esnli_validation_1466,True,True
3827183336.jpg#2r1e,snli,dev,entailment,1,matched,esnli_validation_6561,True,True
384,sick,dev,entailment,0,sick_not_in_esnli,,,
3843254402.jpg#0r1e,snli,test,entailment,1,matched,esnli_test_1636,True,True
3853,sick,train,entailment,0,sick_not_in_esnli,,,
3860415767.jpg#2r1e,snli,dev,entailment,1,matched,esnli_validation_6269,True,True
3913959754.jpg#1r1e,snli,dev,entailment,1,matched,esnli_validation_725,True,True
3937269663.jpg#3r1e,snli,dev,entailment,1,matched,esnli_validation_2067,True,True
3947729724.jpg#4r1e,snli,dev,entailment,1,matched,esnli_validation_4351,True,True
3974,sick,test,entailment,0,sick_not_in_esnli,,,
3983185073.jpg#4r1e,snli,dev,entailment,1,matched,esnli_validation_6479,True,True
4000008650.jpg#2r1e,snli,train,entailment,1,matched,esnli_train_542953,True,True
4006,sick,dev,entailment,0,sick_not_in_esnli,,,
4015,sick,dev,entailment,0,sick_not_in_esnli,,,
4019072184.jpg#4r1e,snli,dev,entailment,1,matched,esnli_validation_3293,True,True
4066,sick,dev,entailment,0,sick_not_in_esnli,,,
41253213.jpg#1r1e,snli,dev,entailment,1,matched,esnli_validation_3608,True,True
4135,sick,dev,entailment,0,sick_not_in_esnli,,,
4181,sick,train,entailment,0,sick_not_in_esnli,,,
418207489.jpg#3r1n,snli,dev,entailment,1,matched,esnli_validation_4834,True,True
4183662919.jpg#3r1e,snli,test,entailment,1,matched,esnli_test_949,True,True
4241997277.jpg#3r1e,snli,dev,entailment,1,matched,esnli_validation_1934,True,True
4288,sick,dev,entailment,0,sick_not_in_esnli,,,
4291704682.jpg#3r1e,snli,train,entailment,1,matched,esnli_train_484044,True,True
4294390957.jpg#3r1e,snli,train,entailment,1,matched,esnli_train_91187,True,True
4297,sick,test,entailment,0,sick_not_in_esnli,,,
4309584424.jpg#4r1e,snli,dev,entailment,1,matched,esnli_validation_3889,True,True
4342,sick,dev,entailment,0,sick_not_in_esnli,,,
4355004642.jpg#0r1e,snli,train,entailment,1,matched,esnli_train_533602,True,True
4360,sick,dev,entailment,0,sick_not_in_esnli,,,
436393371.jpg#3r1e,snli,train,entailment,1,matched,esnli_train_141272,True,True
4379561906.jpg#4r1e,snli,dev,entailment,1,matched,esnli_validation_4945,True,True
4408862587.jpg#0r1e,snli,train,entailment,1,matched,esnli_train_253221,True,True
4440438333.jpg#1r1e,snli,dev,entailment,1,matched,esnli_validation_3023,True,True
4474429098.jpg#2r1e,snli,dev,entailment,1,matched,esnli_validation_648,True,True
4486280757.jpg#0r1e,snli,dev,entailment,1,matched,esnli_validation_6893,True,True
4494,sick,test,entailment,0,sick_not_in_esnli,,,
4501954896.jpg#2r1e,snli,test,entailment,1,matched,esnli_test_2675,True,True
4505,sick,dev,entailment,0,sick_not_in_esnli,,,
4513402918.jpg#4r1e,snli,dev,entailment,1,matched,esnli_validation_3681,True,True
4524361920.jpg#0r1e,snli,test,entailment,1,matched,esnli_test_6819,True,True
4546261932.jpg#3r1e,snli,dev,entailment,1,matched,esnli_validation_1656,True,True
4569102627.jpg#2r1e,snli,test,entailment,1,matched,esnli_test_3625,True,True
4570069538.jpg#4r1e,snli,dev,entailment,1,matched,esnli_validation_7706,True,True
4579716766.jpg#4r1e,snli,dev,entailment,1,matched,esnli_validation_2850,True,True
4586078680.jpg#1r1e,snli,dev,entailment,1,matched,esnli_validation_114,True,True
4589,sick,test,entailment,0,sick_not_in_esnli,,,
4603247500.jpg#0r1e,snli,dev,entailment,1,matched,esnli_validation_6096,True,True
461139075.jpg#2r1e,snli,dev,entailment,1,matched,esnli_validation_6509,True,True
4625392581.jpg#1r1e,snli,train,entailment,1,matched,esnli_train_457889,True,True
4636978915.jpg#0r1e,snli,dev,entailment,1,matched,esnli_validation_6003,True,True
463848726.jpg#3r1e,snli,dev,entailment,1,matched,esnli_validation_7480,True,True
463970752.jpg#1r1e,snli,dev,entailment,1,matched,esnli_validation_2057,True,True
4640148862.jpg#2r1e,snli,dev,entailment,1,matched,esnli_validation_1922,True,True
4648416380.jpg#0r1e,snli,dev,entailment,1,matched,esnli_validation_1862,True,True
4661,sick,dev,entailment,0,sick_not_in_esnli,,,
4662948361.jpg#2r1e,snli,dev,entailment,1,matched,esnli_validation_2335,True,True
466956209.jpg#1r1e,snli,dev,entailment,1,matched,esnli_validation_1102,True,True
4688301633.jpg#3r1n,snli,dev,entailment,1,matched,esnli_validation_7330,True,True
4697314878.jpg#1r1e,snli,dev,entailment,1,matched,esnli_validation_3147,True,True
4703790336.jpg#2r1n,snli,dev,entailment,1,matched,esnli_validation_1521,True,True
4704577040.jpg#1r1e,snli,dev,entailment,1,matched,esnli_validation_3567,True,True
4718146904.jpg#2r1e,snli,dev,entailment,1,matched,esnli_validation_8,True,True
4729191874.jpg#0r1e,snli,dev,entailment,1,matched,esnli_validation_5154,True,True
4729746211.jpg#1r1e,snli,dev,entailment,1,matched,esnli_validation_6062,True,True
4734,sick,dev,entailment,0,sick_not_in_esnli,,,
4734162520.jpg#2r1e,snli,dev,entailment,1,matched,esnli_validation_5529,True,True
4740975956.jpg#4r1e,snli,dev,entailment,1,matched,esnli_validation_2559,True,True
4760159167.jpg#3r1e,snli,dev,entailment,1,matched,esnli_validation_7187,True,True
4766,sick,train,entailment,0,sick_not_in_esnli,,,
4769459188.jpg#3r1e,snli,dev,entailment,1,matched,esnli_validation_3155,True,True
477990943.jpg#0r1e,snli,dev,entailment,1,matched,esnli_validation_3209,True,True
4786470364.jpg#0r1e,snli,dev,entailment,1,matched,esnli_validation_7344,True,True
4803960387.jpg#0r1e,snli,dev,entailment,1,matched,esnli_validation_7507,True,True
4813609768.jpg#3r1e,snli,dev,entailment,1,matched,esnli_validation_8423,True,True
481887827.jpg#3r1e,snli,dev,entailment,1,matched,esnli_validation_2416,True,True
481888930.jpg#1r1e,snli,dev,entailment,1,matched,esnli_validation_7139,True,True
4820830153.jpg#0r1e,snli,test,entailment,1,matched,esnli_test_3016,True,True
4833879670.jpg#0r1e,snli,dev,entailment,1,matched,esnli_validation_3036,True,True
4851047049.jpg#3r1e,snli,dev,entailment,1,matched,esnli_validation_6359,True,True
4876043682.jpg#2r1e,snli,dev,entailment,1,matched,esnli_validation_777,True,True
4887879873.jpg#2r1e,snli,test,entailment,1,matched,esnli_test_8563,True,True
489,sick,train,contradiction,0,sick_not_in_esnli,,,
4894267064.jpg#3r1e,snli,dev,entailment,1,matched,esnli_validation_1033,True,True
4909669888.jpg#2r1e,snli,dev,entailment,1,matched,esnli_validation_3047,True,True
4915658588.jpg#4r1e,snli,dev,entailment,1,matched,esnli_validation_6448,True,True
4916,sick,dev,entailment,0,sick_not_in_esnli,,,
4929903531.jpg#1r1e,snli,dev,entailment,1,matched,esnli_validation_6983,True,True
493507605.jpg#2r1e,snli,dev,entailment,1,matched,esnli_validation_7304,True,True
4935241932.jpg#3r1e,snli,dev,entailment,1,matched,esnli_validation_3981,True,True
4938897545.jpg#4r1e,snli,dev,entailment,1,matched,esnli_validation_2033,True,True
4950416860.jpg#3r1e,snli,dev,entailment,1,matched,esnli_validation_6401,True,True
4972,sick,test,entailment,0,sick_not_in_esnli,,,
4974,sick,train,entailment,0,sick_not_in_esnli,,,
4979886037.jpg#3r1e,snli,dev,entailment,1,matched,esnli_validation_6078,True,True
4980505768.jpg#1r1e,snli,dev,entailment,1,matched,esnli_validation_8015,True,True
4985197970.jpg#0r1e,snli,dev,entailment,1,matched,esnli_validation_9491,True,True
4985197970.jpg#3r1e,snli,dev,entailment,1,matched,esnli_validation_4878,True,True
501699433.jpg#0r1e,snli,dev,entailment,1,matched,esnli_validation_2133,True,True
5030,sick,dev,entailment,0,sick_not_in_esnli,,,
5042057368.jpg#3r1e,snli,dev,entailment,1,matched,esnli_validation_7241,True,True
506442755.jpg#3r1e,snli,dev,entailment,1,matched,esnli_validation_3506,True,True
507035997.jpg#2r1e,snli,dev,entailment,1,matched,esnli_validation_7037,True,True
507746329.jpg#3r1e,snli,dev,entailment,1,matched,esnli_validation_2987,True,True
5110,sick,dev,entailment,0,sick_not_in_esnli,,,
5113,sick,dev,entailment,0,sick_not_in_esnli,,,
51145797.jpg#4r1e,snli,dev,entailment,1,matched,esnli_validation_4076,True,True
5149,sick,train,entailment,0,sick_not_in_esnli,,,
5198,sick,train,entailment,0,sick_not_in_esnli,,,
5217397101.jpg#3r1e,snli,dev,entailment,1,matched,esnli_validation_2577,True,True
5218695756.jpg#0r1e,snli,dev,entailment,1,matched,esnli_validation_4935,True,True
5230,sick,test,entailment,0,sick_not_in_esnli,,,
5262731925.jpg#3r1e,snli,dev,entailment,1,matched,esnli_validation_6377,True,True
5266194002.jpg#0r1e,snli,dev,entailment,1,matched,esnli_validation_3057,True,True
5280521648.jpg#0r1e,snli,dev,entailment,1,matched,esnli_validation_4091,True,True
530661899.jpg#2r1e,snli,dev,entailment,1,matched,esnli_validation_1728,True,True
533601247.jpg#2r1e,snli,dev,entailment,1,matched,esnli_validation_7990,True,True
5430568615.jpg#4r1e,snli,dev,entailment,1,matched,esnli_validation_529,True,True
5435,sick,train,entailment,0,sick_not_in_esnli,,,
5436986554.jpg#1r1e,snli,dev,entailment,1,matched,esnli_validation_4874,True,True
5462,sick,train,entailment,0,sick_not_in_esnli,,,
5498,sick,dev,entailment,0,sick_not_in_esnli,,,
552863655.jpg#3r1e,snli,dev,entailment,1,matched,esnli_validation_3496,True,True
5554,sick,train,entailment,0,sick_not_in_esnli,,,
5555,sick,train,entailment,0,sick_not_in_esnli,,,
562928217.jpg#4r1e,snli,dev,entailment,1,matched,esnli_validation_6428,True,True
5728602543.jpg#4r1e,snli,dev,entailment,1,matched,esnli_validation_1986,True,True
5770115416.jpg#3r1e,snli,dev,entailment,1,matched,esnli_validation_3727,True,True
5791070.jpg#3r1e,snli,dev,entailment,1,matched,esnli_validation_3557,True,True
5806,sick,dev,entailment,0,sick_not_in_esnli,,,
5871026012.jpg#3r1e,snli,dev,entailment,1,matched,esnli_validation_2029,True,True
5938,sick,dev,entailment,0,sick_not_in_esnli,,,
6065,sick,train,entailment,0,sick_not_in_esnli,,,
6167481552.jpg#3r1e,snli,dev,entailment,1,matched,esnli_validation_3151,True,True
6167481552.jpg#3r1n,snli,dev,entailment,1,matched,esnli_validation_3152,True,True
6214,sick,train,entailment,0,sick_not_in_esnli,,,
6220789654.jpg#3r1e,snli,dev,entailment,1,matched,esnli_validation_2231,True,True
6285562381.jpg#2r1e,snli,dev,entailment,1,matched,esnli_validation_599,True,True
6326513189.jpg#3r1e,snli,dev,entailment,1,matched,esnli_validation_3960,True,True
6336028231.jpg#0r1e,snli,dev,entailment,1,matched,esnli_validation_7818,True,True
6395,sick,train,entailment,0,sick_not_in_esnli,,,
6473658975.jpg#3r1e,snli,dev,entailment,1,matched,esnli_validation_6028,True,True
6584,sick,train,entailment,0,sick_not_in_esnli,,,
65847949.jpg#1r3e,snli,train,entailment,1,matched,esnli_train_142187,True,True
6634,sick,dev,entailment,0,sick_not_in_esnli,,,
6756,sick,dev,entailment,0,sick_not_in_esnli,,,
686293997.jpg#4r1e,snli,dev,entailment,1,matched,esnli_validation_397,True,True
697582336.jpg#3r1e,snli,test,entailment,1,matched,esnli_test_7454,True,True
7081260077.jpg#3r1e,snli,dev,entailment,1,matched,esnli_validation_7996,True,True
7123721879.jpg#0r1e,snli,dev,entailment,1,matched,esnli_validation_7370,True,True
72010421.jpg#0r1e,snli,dev,entailment,1,matched,esnli_validation_1271,True,True
7292157214.jpg#0r1e,snli,dev,entailment,1,matched,esnli_validation_2429,True,True
7308951892.jpg#0r1e,snli,dev,entailment,1,matched,esnli_validation_656,True,True
7391785714.jpg#4r1e,snli,dev,entailment,1,matched,esnli_validation_50,True,True
7417714642.jpg#0r1e,snli,dev,entailment,1,matched,esnli_validation_1675,True,True
9747,sick,train,neutral,0,sick_not_in_esnli,,,
74759622.jpg#0r1e,snli,dev,entailment,1,matched,esnli_validation_3695,True,True
7479,sick,train,entailment,0,sick_not_in_esnli,,,
761479953.jpg#2r1e,snli,dev,entailment,1,matched,esnli_validation_8084,True,True
7671653534.jpg#2r1e,snli,dev,entailment,1,matched,esnli_validation_6110,True,True
7700959654.jpg#4r1e,snli,dev,entailment,1,matched,esnli_validation_7589,True,True
7724666074.jpg#3r1e,snli,dev,entailment,1,matched,esnli_validation_3068,True,True
7757111016.jpg#1r1e,snli,dev,entailment,1,matched,esnli_validation_7600,True,True
7764955218.jpg#4r1e,snli,dev,entailment,1,matched,esnli_validation_8069,True,True
7795,sick,dev,entailment,0,sick_not_in_esnli,,,
78347259.jpg#4r1e,snli,dev,entailment,1,matched,esnli_validation_2341,True,True
7852369036.jpg#0r1e,snli,dev,entailment,1,matched,esnli_validation_6691,True,True
7852369036.jpg#2r1e,snli,dev,entailment,1,matched,esnli_validation_2551,True,True
7979042317.jpg#0r1e,snli,dev,entailment,1,matched,esnli_validation_6130,True,True
8021,sick,train,entailment,0,sick_not_in_esnli,,,
8138,sick,dev,entailment,0,sick_not_in_esnli,,,
8159685316.jpg#1r1e,snli,dev,entailment,1,matched,esnli_validation_3062,True,True
8163,sick,dev,entailment,0,sick_not_in_esnli,,,
8182074427.jpg#3r1e,snli,dev,entailment,1,matched,esnli_validation_1880,True,True
823425327.jpg#4r1e,snli,dev,entailment,1,matched,esnli_validation_6887,True,True
82945847.jpg#0r1n,snli,dev,entailment,1,matched,esnli_validation_1517,True,True
8334,sick,dev,entailment,0,sick_not_in_esnli,,,
8343,sick,dev,entailment,0,sick_not_in_esnli,,,
8383,sick,dev,entailment,0,sick_not_in_esnli,,,
86112925.jpg#0r1e,snli,dev,entailment,1,matched,esnli_validation_514,True,True
8624,sick,train,entailment,0,sick_not_in_esnli,,,
8633,sick,dev,entailment,0,sick_not_in_esnli,,,
8660,sick,dev,entailment,0,sick_not_in_esnli,,,
8727,sick,dev,entailment,0,sick_not_in_esnli,,,
8806,sick,dev,entailment,0,sick_not_in_esnli,,,
89332423.jpg#4r1e,snli,dev,entailment,1,matched,esnli_validation_6819,True,True
8986,sick,dev,entailment,0,sick_not_in_esnli,,,
9069,sick,dev,entailment,0,sick_not_in_esnli,,,
92413203.jpg#0r1e,snli,dev,entailment,1,matched,esnli_validation_5485,True,True
9359,sick,dev,entailment,0,sick_not_in_esnli,,,
941641803.jpg#3r1e,snli,train,entailment,1,matched,esnli_train_40420,True,True
9433,sick,dev,entailment,0,sick_not_in_esnli,,,
952171414.jpg#2r1e,snli,dev,entailment,1,matched,esnli_validation_3533,True,True
9584,sick,dev,entailment,0,sick_not_in_esnli,,,
96056569.jpg#3r1e,snli,dev,entailment,1,matched,esnli_validation_2846,True,True
9668,sick,train,entailment,0,sick_not_in_esnli,,,
9713,sick,dev,entailment,0,sick_not_in_esnli,,,
973353650.jpg#3r1e,snli,dev,entailment,1,matched,esnli_validation_3610,True,True
976581518.jpg#0r1e,snli,test,entailment,1,matched,esnli_test_2730,True,True
985982384.jpg#3r1e,snli,dev,entailment,1,matched,esnli_validation_3448,True,True
98756067.jpg#1r1e,snli,dev,entailment,1,matched,esnli_validation_3076,True,True
vg_len120r5e,snli,train,entailment,1,matched,esnli_train_174008,True,True
vg_len26r4e,snli,train,entailment,1,matched,esnli_train_66047,True,True
vg_len46r5e,snli,train,entailment,1,matched,esnli_train_269489,True,True
vg_len47r3e,snli,train,entailment,1,matched,esnli_train_269478,True,True
vg_len47r4e,snli,train,entailment,1,matched,esnli_train_269481,True,True
vg_len66r1e,snli,train,entailment,1,matched,esnli_train_77876,True,True
vg_len84r1e,snli,train,entailment,1,matched,esnli_train_146922,True,True
